{
  "Novak Djokovic": {
    "co2": 0.3694517276206322,
    "km": 0.29915119645395327,
    "tournaments": 0.4,
    "rank": 1.0,
    "matches": 0.63
  },
  "Carlos Alcaraz": {
    "co2": 0.5691821672022013,
    "km": 0.46087624874672156,
    "tournaments": 0.5666666666666667,
    "rank": 0.98989898989899,
    "matches": 0.77
  },
  "Daniil Medvedev": {
    "co2": 0.8111863654372223,
    "km": 0.6568310651313543,
    "tournaments": 0.7333333333333333,
    "rank": 0.9797979797979798,
    "matches": 0.85
  },
  "Jannik Sinner": {
    "co2": 0.7343928025205055,
    "km": 0.5946500425267254,
    "tournaments": 0.7333333333333333,
    "rank": 0.9696969696969697,
    "matches": 0.84
  },
  "Andrey Rublev": {
    "co2": 0.8401983434205053,
    "km": 0.6803225452797615,
    "tournaments": 0.8333333333333334,
    "rank": 0.9595959595959596,
    "matches": 0.81
  },
  "Stefanos Tsitsipas": {
    "co2": 0.9724706206811776,
    "km": 0.7874256037904275,
    "tournaments": 0.8,
    "rank": 0.9494949494949495,
    "matches": 0.74
  },
  "Alexander Zverev": {
    "co2": 1.0385234946940447,
    "km": 0.8409097123028705,
    "tournaments": 0.9,
    "rank": 0.9393939393939394,
    "matches": 0.82
  },
  "Holger Rune": {
    "co2": 0.7652793950331985,
    "km": 0.6196594291766792,
    "tournaments": 0.7666666666666667,
    "rank": 0.9292929292929293,
    "matches": 0.7
  },
  "Hubert Hurkacz": {
    "co2": 1.016414705112414,
    "km": 0.8230078583906186,
    "tournaments": 0.8,
    "rank": 0.9191919191919192,
    "matches": 0.68
  },
  "Taylor Fritz": {
    "co2": 0.8874813837461687,
    "km": 0.7186084078916347,
    "tournaments": 0.8666666666666667,
    "rank": 0.9090909090909091,
    "matches": 0.77
  },
  "Casper Ruud": {
    "co2": 0.8035546512139351,
    "km": 0.6506515394444821,
    "tournaments": 0.8,
    "rank": 0.898989898989899,
    "matches": 0.59
  },
  "Alex De Minaur": {
    "co2": 1.0009148522870082,
    "km": 0.8104573702728812,
    "tournaments": 0.8333333333333334,
    "rank": 0.8888888888888888,
    "matches": 0.74
  },
  "Tommy Paul": {
    "co2": 0.7590079603222482,
    "km": 0.6145813443904844,
    "tournaments": 0.8333333333333334,
    "rank": 0.8787878787878788,
    "matches": 0.68
  },
  "Grigor Dimitrov": {
    "co2": 0.8850284745915056,
    "km": 0.7166222466327982,
    "tournaments": 0.7333333333333333,
    "rank": 0.8686868686868687,
    "matches": 0.64
  },
  "Karen Khachanov": {
    "co2": 0.7252723084100231,
    "km": 0.5872650270526504,
    "tournaments": 0.6333333333333333,
    "rank": 0.8585858585858586,
    "matches": 0.52
  },
  "Frances Tiafoe": {
    "co2": 0.8618864904153019,
    "km": 0.6978837979071271,
    "tournaments": 0.7333333333333333,
    "rank": 0.8484848484848485,
    "matches": 0.6
  },
  "Ben Shelton": {
    "co2": 0.765925569693921,
    "km": 0.6201826475254422,
    "tournaments": 0.8333333333333334,
    "rank": 0.8383838383838383,
    "matches": 0.49
  },
  "Cameron Norrie": {
    "co2": 0.9648994677068076,
    "km": 0.781295115552071,
    "tournaments": 0.8,
    "rank": 0.8282828282828283,
    "matches": 0.61
  },
  "Nicolas Jarry": {
    "co2": 0.70202453473407,
    "km": 0.5684409188130123,
    "tournaments": 0.7,
    "rank": 0.8181818181818182,
    "matches": 0.59
  },
  "Ugo Humbert": {
    "co2": 0.8000240614363469,
    "km": 0.6477927622966374,
    "tournaments": 0.8,
    "rank": 0.8080808080808081,
    "matches": 0.57
  },
  "Francisco Cerundolo": {
    "co2": 1.0172956997044191,
    "km": 0.8237212143355621,
    "tournaments": 0.8666666666666667,
    "rank": 0.797979797979798,
    "matches": 0.64
  },
  "Adrian Mannarino": {
    "co2": 0.9782405804636043,
    "km": 0.7920976360029186,
    "tournaments": 0.9,
    "rank": 0.7878787878787878,
    "matches": 0.67
  },
  "Tallon Griekspoor": {
    "co2": 0.978556332589381,
    "km": 0.7923533057403895,
    "tournaments": 0.8333333333333334,
    "rank": 0.7777777777777778,
    "matches": 0.62
  },
  "Sebastian Korda": {
    "co2": 0.6489421001633292,
    "km": 0.5254591904156513,
    "tournaments": 0.5666666666666667,
    "rank": 0.7676767676767676,
    "matches": 0.43
  },
  "Jan Lennard Struff": {
    "co2": 0.5656918258671285,
    "km": 0.45805006143087335,
    "tournaments": 0.5666666666666667,
    "rank": 0.7575757575757576,
    "matches": 0.37
  },
  "Alejandro Davidovich Fokina": {
    "co2": 0.8477227479393157,
    "km": 0.6864151805176646,
    "tournaments": 0.8333333333333334,
    "rank": 0.7474747474747475,
    "matches": 0.59
  },
  "Lorenzo Musetti": {
    "co2": 0.9781398222646669,
    "km": 0.7920160504167344,
    "tournaments": 0.9,
    "rank": 0.7373737373737373,
    "matches": 0.62
  },
  "Sebastian Baez": {
    "co2": 1.1077743570576872,
    "km": 0.8969832850669535,
    "tournaments": 0.9666666666666667,
    "rank": 0.7272727272727273,
    "matches": 0.57
  },
  "Felix Auger Aliassime": {
    "co2": 0.8305891434891558,
    "km": 0.6725418165904096,
    "tournaments": 0.7,
    "rank": 0.7171717171717171,
    "matches": 0.42
  },
  "Tomas Martin Etcheverry": {
    "co2": 0.9301086742135333,
    "km": 0.7531244325615656,
    "tournaments": 0.9,
    "rank": 0.7070707070707071,
    "matches": 0.57
  },
  "Jiri Lehecka": {
    "co2": 0.958710258452884,
    "km": 0.7762836100833069,
    "tournaments": 0.8333333333333334,
    "rank": 0.696969696969697,
    "matches": 0.61
  },
  "Alexander Bublik": {
    "co2": 0.9774566679005809,
    "km": 0.7914628889883246,
    "tournaments": 0.9,
    "rank": 0.6868686868686869,
    "matches": 0.52
  },
  "Laslo Djere": {
    "co2": 0.8936856136024185,
    "km": 0.723632075791432,
    "tournaments": 0.8333333333333334,
    "rank": 0.6767676767676768,
    "matches": 0.62
  },
  "Christopher Eubanks": {
    "co2": 0.684914458442339,
    "km": 0.5545866060261854,
    "tournaments": 0.7,
    "rank": 0.6666666666666666,
    "matches": 0.41
  },
  "Aslan Karatsev": {
    "co2": 0.7627417482069168,
    "km": 0.617604654418556,
    "tournaments": 0.6333333333333333,
    "rank": 0.6565656565656566,
    "matches": 0.41
  },
  "Arthur Fils": {
    "co2": 0.3511205237187525,
    "km": 0.28430811637145953,
    "tournaments": 0.5666666666666667,
    "rank": 0.6464646464646465,
    "matches": 0.42
  },
  "Borna Coric": {
    "co2": 0.8598320823400939,
    "km": 0.6962203095871203,
    "tournaments": 0.6333333333333333,
    "rank": 0.6363636363636364,
    "matches": 0.41
  },
  "Daniel Evans": {
    "co2": 0.8050089407333121,
    "km": 0.65182910180835,
    "tournaments": 0.8333333333333334,
    "rank": 0.6262626262626263,
    "matches": 0.44
  },
  "Roman Safiullin": {
    "co2": 0.7557796845075662,
    "km": 0.6119673558765719,
    "tournaments": 0.6333333333333333,
    "rank": 0.6161616161616161,
    "matches": 0.39
  },
  "Alexei Popyrin": {
    "co2": 0.7963126798460125,
    "km": 0.6447875950170142,
    "tournaments": 0.7666666666666667,
    "rank": 0.6060606060606061,
    "matches": 0.47
  },
  "Mackenzie Mcdonald": {
    "co2": 0.7501413926477877,
    "km": 0.6074019373666301,
    "tournaments": 0.9,
    "rank": 0.5959595959595959,
    "matches": 0.61
  },
  "Andy Murray": {
    "co2": 0.7402479772470743,
    "km": 0.5993910746939873,
    "tournaments": 0.6,
    "rank": 0.5858585858585859,
    "matches": 0.34
  },
  "Sebastian Ofner": {
    "co2": 0.463619806963606,
    "km": 0.3754006534118267,
    "tournaments": 0.43333333333333335,
    "rank": 0.5757575757575758,
    "matches": 0.27
  },
  "Matteo Arnaldi": {
    "co2": 0.41341981712708614,
    "km": 0.33475288836201306,
    "tournaments": 0.4666666666666667,
    "rank": 0.5656565656565656,
    "matches": 0.35
  },
  "Max Purcell": {
    "co2": 0.7293263769754446,
    "km": 0.5905476736643276,
    "tournaments": 0.6333333333333333,
    "rank": 0.5555555555555556,
    "matches": 0.3
  },
  "Lorenzo Sonego": {
    "co2": 0.8540205631216006,
    "km": 0.6915146260093936,
    "tournaments": 0.9333333333333333,
    "rank": 0.5454545454545454,
    "matches": 0.58
  },